species,country,ecomorph,svl,head.length,dewlap.size
angusticeps,bahamas,twig,35.89,10.09,22.086
angusticeps,bahamas,twig,38.12,10.87,27.748
angusticeps,bahamas,twig,38.14,10.89,54.326
angusticeps,bahamas,twig,38.63,11.58,49.074
angusticeps,bahamas,twig,39.97,11.37,59.263
angusticeps,bahamas,twig,42.72,12.72,75.405
angusticeps,bahamas,twig,42.75,12.66,89.144
angusticeps,bahamas,twig,43.03,12.52,69.876
angusticeps,bahamas,twig,43.1,12.78,83.024
angusticeps,bahamas,twig,43.29,12.43,70.231
angusticeps,bahamas,twig,43.49,13.02,96.695
angusticeps,bahamas,twig,43.55,12.89,99.649
angusticeps,bahamas,twig,43.59,13.14,76.887
angusticeps,bahamas,twig,43.73,13.28,83.93
angusticeps,bahamas,twig,43.89,13.34,97.245
angusticeps,bahamas,twig,44.13,13.45,84.795
angusticeps,bahamas,twig,44.13,13.03,88.953
angusticeps,bahamas,twig,44.19,13.6,107.163
angusticeps,bahamas,twig,44.19,12.9,105.94
angusticeps,bahamas,twig,44.25,13.04,66.008
angusticeps,bahamas,twig,44.33,13.12,106.275
angusticeps,bahamas,twig,44.43,12.96,62.179
angusticeps,bahamas,twig,44.48,12.74,125.462
angusticeps,bahamas,twig,44.55,13.7,69.045
angusticeps,bahamas,twig,44.57,12.99,79.07
angusticeps,bahamas,twig,44.66,13.44,63.495
angusticeps,bahamas,twig,44.7,13.77,90.095
angusticeps,bahamas,twig,44.8,13.88,83.023
angusticeps,bahamas,twig,44.89,13.64,65.514
angusticeps,bahamas,twig,45.08,12.52,83.684
angusticeps,bahamas,twig,45.14,13.52,111.114
angusticeps,bahamas,twig,45.14,12.98,49.305
angusticeps,bahamas,twig,45.25,13.82,55.018
angusticeps,bahamas,twig,45.47,13.57,70.907
angusticeps,bahamas,twig,45.71,13.96,70.709
angusticeps,bahamas,twig,45.82,13.92,106.025
angusticeps,bahamas,twig,45.86,13.73,83.845
angusticeps,bahamas,twig,45.93,13.58,74.926
angusticeps,bahamas,twig,46.04,13.83,80.367
angusticeps,bahamas,twig,46.04,13.85,91.933
angusticeps,bahamas,twig,46.1,13.79,71.926
angusticeps,bahamas,twig,46.17,14.49,113.25
angusticeps,bahamas,twig,46.17,14.09,63.259
angusticeps,bahamas,twig,46.29,13.74,66.178
angusticeps,bahamas,twig,46.42,13.73,80.855
angusticeps,bahamas,twig,46.53,13.84,94.459
angusticeps,bahamas,twig,46.61,14.1,91.904
angusticeps,bahamas,twig,46.73,13.99,95.155
angusticeps,bahamas,twig,47.01,13.49,87.703
angusticeps,bahamas,twig,47.04,14.46,86.956
angusticeps,bahamas,twig,47.18,14.46,97.149
angusticeps,bahamas,twig,47.8,14.13,73.102
brevirostris,domrep,trunk,35.56,9.14,51.878
brevirostris,domrep,trunk,37.32,9.92,54.295
brevirostris,domrep,trunk,38,10.38,81.669
brevirostris,domrep,trunk,38.19,9.72,51.103
brevirostris,domrep,trunk,39.31,10.73,83.308
brevirostris,domrep,trunk,39.6,10.37,64.991
brevirostris,domrep,trunk,39.98,10.13,69.678
brevirostris,domrep,trunk,42.25,11.28,103.04
brevirostris,domrep,trunk,42.39,10.79,88.571
brevirostris,domrep,trunk,42.81,10.83,113.035
brevirostris,domrep,trunk,42.9,11.19,97.292
brevirostris,domrep,trunk,43.3,11.7,130.637
brevirostris,domrep,trunk,43.3,11.27,106.504
brevirostris,domrep,trunk,43.36,10.87,75.254
brevirostris,domrep,trunk,43.4,11.05,93.556
brevirostris,domrep,trunk,43.48,11.14,136.134
brevirostris,domrep,trunk,43.81,11.58,113.923
brevirostris,domrep,trunk,44.12,11.38,97.426
brevirostris,domrep,trunk,44.2,12,109.959
brevirostris,domrep,trunk,44.2,11.88,100.704
brevirostris,domrep,trunk,44.34,11.26,126.137
brevirostris,domrep,trunk,44.34,11.84,120.901
brevirostris,domrep,trunk,44.34,11.95,129.108
brevirostris,domrep,trunk,44.42,12.29,240.013
brevirostris,domrep,trunk,44.45,11.68,128.86
brevirostris,domrep,trunk,44.48,11.76,116.82
brevirostris,domrep,trunk,44.52,11.31,86.368
brevirostris,domrep,trunk,44.59,11.68,118.724
brevirostris,domrep,trunk,44.6,12,113.973
brevirostris,domrep,trunk,44.63,11.59,104.23
brevirostris,domrep,trunk,44.68,11.9,107.865
brevirostris,domrep,trunk,44.72,11.57,96.946
brevirostris,domrep,trunk,44.74,11.73,118.438
brevirostris,domrep,trunk,44.89,11.66,95.861
brevirostris,domrep,trunk,44.9,11.94,143.722
brevirostris,domrep,trunk,44.96,12.03,99.404
brevirostris,domrep,trunk,44.96,12.08,89.772
brevirostris,domrep,trunk,45.04,11.74,132.3
brevirostris,domrep,trunk,45.07,11.95,106.65
brevirostris,domrep,trunk,45.09,12.34,105.07
brevirostris,domrep,trunk,45.1,12.48,116.285
brevirostris,domrep,trunk,45.1,11.69,102.783
brevirostris,domrep,trunk,45.24,12.33,140.668
brevirostris,domrep,trunk,45.31,11.58,105.034
brevirostris,domrep,trunk,45.36,12.41,101.718
brevirostris,domrep,trunk,45.41,12.1,87.125
brevirostris,domrep,trunk,45.49,12.07,124.912
brevirostris,domrep,trunk,45.55,11.54,88.36
brevirostris,domrep,trunk,45.7,12.31,120.174
brevirostris,domrep,trunk,45.76,11.88,150.63
brevirostris,domrep,trunk,45.87,12.44,111.211
brevirostris,domrep,trunk,45.87,11.64,118.22
brevirostris,domrep,trunk,45.91,12.34,117.46
brevirostris,domrep,trunk,45.95,11.82,108.451
brevirostris,domrep,trunk,45.98,11.96,102.934
brevirostris,domrep,trunk,46.11,12.15,139.957
brevirostris,domrep,trunk,46.24,11.76,92.515
brevirostris,domrep,trunk,46.31,12.33,132.817
brevirostris,domrep,trunk,46.39,12.63,113.638
brevirostris,domrep,trunk,46.44,12.47,107.949
brevirostris,domrep,trunk,46.47,12.45,105.802
brevirostris,domrep,trunk,46.55,12.65,118.364
brevirostris,domrep,trunk,46.89,12.75,94.127
brevirostris,domrep,trunk,46.91,12.41,95.17
brevirostris,domrep,trunk,47.01,12.69,104.346
brevirostris,domrep,trunk,47.02,12.56,90.565
brevirostris,domrep,trunk,47.12,12.31,145.001
brevirostris,domrep,trunk,47.18,11.87,102.805
brevirostris,domrep,trunk,47.23,12.42,105.578
brevirostris,domrep,trunk,47.23,12.72,112.189
brevirostris,domrep,trunk,47.26,11.88,124.424
brevirostris,domrep,trunk,47.26,12.31,155.813
brevirostris,domrep,trunk,47.27,12.73,130.091
brevirostris,domrep,trunk,47.31,12.58,111.951
brevirostris,domrep,trunk,47.35,12.24,107.419
brevirostris,domrep,trunk,47.4,12.87,125.766
brevirostris,domrep,trunk,47.4,12.61,91.682
brevirostris,domrep,trunk,47.48,13.33,118.949
brevirostris,domrep,trunk,47.51,12.41,92.502
brevirostris,domrep,trunk,47.52,12.53,127.354
brevirostris,domrep,trunk,47.57,12.9,108.837
brevirostris,domrep,trunk,47.59,12.3,131.988
brevirostris,domrep,trunk,47.66,12.61,142.338
brevirostris,domrep,trunk,47.87,13.18,102.01
brevirostris,domrep,trunk,47.97,12.27,125.781
brevirostris,domrep,trunk,48,12.71,161.761
brevirostris,domrep,trunk,48.01,12.88,121.543
brevirostris,domrep,trunk,48.08,12.74,103.834
brevirostris,domrep,trunk,48.15,12.9,128.278
brevirostris,domrep,trunk,48.33,12.33,131.09
brevirostris,domrep,trunk,48.76,13.32,125.293
brevirostris,domrep,trunk,48.79,13.75,137.713
brevirostris,domrep,trunk,48.8,12.8,111.225
brevirostris,domrep,trunk,48.84,12.97,151.289
brevirostris,domrep,trunk,48.86,12.89,152.106
brevirostris,domrep,trunk,48.92,12.64,158.874
brevirostris,domrep,trunk,48.98,13.18,117.232
brevirostris,domrep,trunk,49.01,13.45,133.599
brevirostris,domrep,trunk,49.01,12.92,89.62
brevirostris,domrep,trunk,49.06,12.88,147.637
brevirostris,domrep,trunk,49.06,12.6,104.087
brevirostris,domrep,trunk,49.09,13.05,92.847
brevirostris,domrep,trunk,49.16,13.09,50.648
brevirostris,domrep,trunk,49.28,12.74,160.92
brevirostris,domrep,trunk,49.31,13.2,110.981
brevirostris,domrep,trunk,49.42,13.07,154.359
brevirostris,domrep,trunk,49.53,13.35,246.168
brevirostris,domrep,trunk,49.65,13.28,135.224
brevirostris,domrep,trunk,49.66,12.78,113.617
brevirostris,domrep,trunk,49.86,12.72,114.272
brevirostris,domrep,trunk,50.08,13.23,240.805
brevirostris,domrep,trunk,50.4,13.31,121.525
brevirostris,domrep,trunk,50.43,12.73,140.475
brevirostris,domrep,trunk,50.99,12.94,132.511
brevirostris,domrep,trunk,50.99,13.53,181.578
brevirostris,domrep,trunk,51.72,13.21,117.673
brevirostris,domrep,trunk,52.34,13.66,149.778
brevirostris,domrep,trunk,52.36,13.83,101.821
coelestinus,domrep,trunk.crown,37.12,10.67,18.29
coelestinus,domrep,trunk.crown,44.49,12.47,42.016
coelestinus,domrep,trunk.crown,44.91,12.37,31.945
coelestinus,domrep,trunk.crown,46.42,13.28,51.74
coelestinus,domrep,trunk.crown,47.31,13.24,52.512
coelestinus,domrep,trunk.crown,49.26,13.65,74.64
coelestinus,domrep,trunk.crown,49.87,13.81,71.414
coelestinus,domrep,trunk.crown,51.9,14.83,71.327
coelestinus,domrep,trunk.crown,52.19,14.37,95.934
coelestinus,domrep,trunk.crown,52.46,14.74,65.505
coelestinus,domrep,trunk.crown,56.42,15.63,76.912
coelestinus,domrep,trunk.crown,57.62,15.91,67.734
coelestinus,domrep,trunk.crown,61.9,16.74,102.925
coelestinus,domrep,trunk.crown,62.48,17.16,105.755
coelestinus,domrep,trunk.crown,63.38,18,114.802
coelestinus,domrep,trunk.crown,65.73,18.73,173.66
coelestinus,domrep,trunk.crown,66.86,18.94,241.214
coelestinus,domrep,trunk.crown,67.57,19.53,156.16
coelestinus,domrep,trunk.crown,68.72,20.2,180.126
coelestinus,domrep,trunk.crown,68.81,19.87,210.252
coelestinus,domrep,trunk.crown,70.28,20.13,204.006
coelestinus,domrep,trunk.crown,70.96,20.51,135.451
coelestinus,domrep,trunk.crown,71.25,20.62,162.577
coelestinus,domrep,trunk.crown,71.76,20.03,191.187
coelestinus,domrep,trunk.crown,71.88,20.41,145.507
coelestinus,domrep,trunk.crown,72.53,20.92,218.558
coelestinus,domrep,trunk.crown,72.59,19.89,158.978
coelestinus,domrep,trunk.crown,73.1,20.82,181.124
coelestinus,domrep,trunk.crown,73.65,20.29,179.039
coelestinus,domrep,trunk.crown,73.65,21.07,204.931
coelestinus,domrep,trunk.crown,75.14,21.11,171.128
coelestinus,domrep,trunk.crown,75.28,21.6,199.361
coelestinus,domrep,trunk.crown,75.69,21.86,237.99
coelestinus,domrep,trunk.crown,76.52,21.74,185.952
coelestinus,domrep,trunk.crown,77.3,21.74,180.73
coelestinus,domrep,trunk.crown,77.44,21.97,189.406
coelestinus,domrep,trunk.crown,77.69,21.86,190.352
coelestinus,domrep,trunk.crown,80.12,22.72,248.163
coelestinus,domrep,trunk.crown,81.88,22.94,219.182
cybotes,domrep,trunk.ground,35.67,10.89,22.548
cybotes,domrep,trunk.ground,39.93,11.62,56.883
cybotes,domrep,trunk.ground,40.48,11.86,80.366
cybotes,domrep,trunk.ground,40.76,11.62,75.966
cybotes,domrep,trunk.ground,41.54,11.86,84.304
cybotes,domrep,trunk.ground,43.39,12.86,128.624
cybotes,domrep,trunk.ground,43.39,11.97,91.114
cybotes,domrep,trunk.ground,43.84,13.42,149.362
cybotes,domrep,trunk.ground,44.86,12.65,200.318
cybotes,domrep,trunk.ground,44.97,13.11,119.639
cybotes,domrep,trunk.ground,45.55,12.9,112.767
cybotes,domrep,trunk.ground,45.71,13.02,85.531
cybotes,domrep,trunk.ground,45.73,13.46,112.275
cybotes,domrep,trunk.ground,45.97,13.48,188.027
cybotes,domrep,trunk.ground,46.28,13.25,125.956
cybotes,domrep,trunk.ground,47.05,13.91,137.19
cybotes,domrep,trunk.ground,47.69,13.58,141.303
cybotes,domrep,trunk.ground,48.06,14.15,175.218
cybotes,domrep,trunk.ground,48.28,14.1,203.438
cybotes,domrep,trunk.ground,48.45,14.24,245.733
cybotes,domrep,trunk.ground,48.51,14.72,230.916
cybotes,domrep,trunk.ground,48.81,14.04,186.065
cybotes,domrep,trunk.ground,49.29,14.52,159.657
cybotes,domrep,trunk.ground,49.75,14.51,220.912
cybotes,domrep,trunk.ground,49.83,14.16,208.164
cybotes,domrep,trunk.ground,49.86,14.29,105.935
cybotes,domrep,trunk.ground,50.1,14.92,230.622
cybotes,domrep,trunk.ground,50.16,15.05,115.868
cybotes,domrep,trunk.ground,51.35,14.9,152.372
cybotes,domrep,trunk.ground,52.12,15.17,254.427
cybotes,domrep,trunk.ground,52.18,14.84,246.908
cybotes,domrep,trunk.ground,52.21,15.97,284.992
cybotes,domrep,trunk.ground,52.25,15.94,258.468
cybotes,domrep,trunk.ground,52.46,15.57,256.239
cybotes,domrep,trunk.ground,52.68,15.49,275.325
cybotes,domrep,trunk.ground,53.47,15.22,325.878
cybotes,domrep,trunk.ground,53.58,16.46,229.913
cybotes,domrep,trunk.ground,54.05,16.05,199.446
cybotes,domrep,trunk.ground,54.08,15.92,140.225
cybotes,domrep,trunk.ground,54.12,15.61,262.751
cybotes,domrep,trunk.ground,54.67,16.15,264.437
cybotes,domrep,trunk.ground,54.7,16.08,174.579
cybotes,domrep,trunk.ground,54.78,16.48,266.417
cybotes,domrep,trunk.ground,54.98,15.74,258.578
cybotes,domrep,trunk.ground,55.96,15.82,272.15
cybotes,domrep,trunk.ground,56.12,16.78,241.881
cybotes,domrep,trunk.ground,56.64,17.04,306.586
cybotes,domrep,trunk.ground,56.84,17,223.973
cybotes,domrep,trunk.ground,57.69,16.98,299.302
cybotes,domrep,trunk.ground,57.81,17.11,263.696
cybotes,domrep,trunk.ground,57.92,17.78,417.855
cybotes,domrep,trunk.ground,58.44,16.9,312.832
cybotes,domrep,trunk.ground,58.82,17.58,317.931
cybotes,domrep,trunk.ground,59.4,17.29,270.546
cybotes,domrep,trunk.ground,59.88,17.37,290.37
cybotes,domrep,trunk.ground,60.16,18.01,416.897
cybotes,domrep,trunk.ground,60.91,18.16,368.826
cybotes,domrep,trunk.ground,60.92,19.11,270.029
cybotes,domrep,trunk.ground,61.11,18.19,399.192
cybotes,domrep,trunk.ground,61.22,19.93,399.621
cybotes,domrep,trunk.ground,61.42,18.72,360.649
cybotes,domrep,trunk.ground,61.82,18.81,383.3
cybotes,domrep,trunk.ground,62.24,19.07,499.404
cybotes,domrep,trunk.ground,62.3,18.78,411.372
cybotes,domrep,trunk.ground,62.77,18.36,264.276
cybotes,domrep,trunk.ground,63.32,19.97,400.17
cybotes,domrep,trunk.ground,64,19.92,321.877
cybotes,domrep,trunk.ground,64.26,18.63,284.27
cybotes,domrep,trunk.ground,64.57,20.16,410.622
cybotes,domrep,trunk.ground,64.67,20.01,367.285
cybotes,domrep,trunk.ground,65.22,20.57,373.606
cybotes,domrep,trunk.ground,65.76,20.54,397.978
cybotes,domrep,trunk.ground,66.2,19.78,433.798
distichus,bahamas,trunk,31.16,8.7,11.823
distichus,bahamas,trunk,38.21,9.52,36.409
distichus,bahamas,trunk,38.26,9.85,32.076
distichus,bahamas,trunk,40.06,10.07,35.617
distichus,bahamas,trunk,40.68,10.07,49.324
distichus,bahamas,trunk,41.56,10.37,51.639
distichus,bahamas,trunk,41.61,10.42,48.352
distichus,bahamas,trunk,42.39,10.61,78.625
distichus,bahamas,trunk,42.4,10.5,75.884
distichus,bahamas,trunk,42.51,11.33,55.83
distichus,bahamas,trunk,42.59,10.56,52.516
distichus,bahamas,trunk,43.01,10.99,62.651
distichus,bahamas,trunk,43.36,11.25,43.493
distichus,bahamas,trunk,43.53,10.9,65.101
distichus,bahamas,trunk,43.93,11.34,64.91
distichus,bahamas,trunk,44.38,11.49,50.856
distichus,bahamas,trunk,44.49,11.45,67.682
distichus,bahamas,trunk,44.52,11.32,71.73
distichus,bahamas,trunk,44.57,11.35,70.986
distichus,bahamas,trunk,44.59,11.59,47.101
distichus,bahamas,trunk,45.02,11.85,68.161
distichus,bahamas,trunk,45.13,11.63,46.777
distichus,bahamas,trunk,45.14,11.84,61.33
distichus,bahamas,trunk,45.17,11.3,62.857
distichus,bahamas,trunk,45.23,11.17,45.783
distichus,bahamas,trunk,45.32,11.64,74.455
distichus,bahamas,trunk,45.54,12.13,58.686
distichus,bahamas,trunk,45.59,11.49,70.16
distichus,bahamas,trunk,45.6,11.62,44.475
distichus,bahamas,trunk,45.62,11.65,47.712
distichus,bahamas,trunk,45.95,12.13,67.707
distichus,bahamas,trunk,46.02,11.57,45.303
distichus,bahamas,trunk,46.07,12.17,55.506
distichus,bahamas,trunk,46.17,11.75,65.764
distichus,bahamas,trunk,46.21,11.91,69.453
distichus,bahamas,trunk,46.42,11.94,65.35
distichus,bahamas,trunk,46.48,11.92,51.283
distichus,bahamas,trunk,47.06,11.53,39.393
distichus,bahamas,trunk,47.08,12.06,31.234
distichus,bahamas,trunk,47.14,11.87,59.95
distichus,bahamas,trunk,47.21,11.92,65.696
distichus,bahamas,trunk,47.22,12.1,62.959
distichus,bahamas,trunk,47.45,11.75,60.193
distichus,bahamas,trunk,47.47,11.93,35.933
distichus,bahamas,trunk,47.75,12.56,72.362
distichus,bahamas,trunk,48.06,12.01,60.067
distichus,bahamas,trunk,48.84,12.29,34.57
grahami,jamaica,trunk.crown,47.43,13.28,57.259
grahami,jamaica,trunk.crown,48.44,14.1,89.278
grahami,jamaica,trunk.crown,49.37,14.4,51.165
grahami,jamaica,trunk.crown,49.39,13.86,96.896
grahami,jamaica,trunk.crown,51.32,14.43,73.468
grahami,jamaica,trunk.crown,51.94,15.3,101.079
grahami,jamaica,trunk.crown,51.97,14.73,68.377
grahami,jamaica,trunk.crown,52.43,14.96,131.909
grahami,jamaica,trunk.crown,53.05,15.57,90.792
grahami,jamaica,trunk.crown,53.4,15.8,121.569
grahami,jamaica,trunk.crown,53.49,15.36,99.883
grahami,jamaica,trunk.crown,53.89,14.63,114.034
grahami,jamaica,trunk.crown,54.09,15.23,105.44
grahami,jamaica,trunk.crown,54.5,16.17,100.947
grahami,jamaica,trunk.crown,54.91,15.17,93.184
grahami,jamaica,trunk.crown,55.06,16.55,169.977
grahami,jamaica,trunk.crown,55.19,15.85,82.867
grahami,jamaica,trunk.crown,55.48,16.08,156.334
grahami,jamaica,trunk.crown,55.57,16.06,174.418
grahami,jamaica,trunk.crown,55.88,16.48,162.986
grahami,jamaica,trunk.crown,56.09,16.27,156.824
grahami,jamaica,trunk.crown,56.35,16.28,108.746
grahami,jamaica,trunk.crown,56.42,16.56,156.177
grahami,jamaica,trunk.crown,56.46,15.92,161.907
grahami,jamaica,trunk.crown,56.85,17.03,128.97
grahami,jamaica,trunk.crown,57.18,16.42,125.224
grahami,jamaica,trunk.crown,57.2,16.49,141.656
grahami,jamaica,trunk.crown,57.37,16.58,155.014
grahami,jamaica,trunk.crown,57.78,16.57,117.27
grahami,jamaica,trunk.crown,57.83,16.91,126.859
grahami,jamaica,trunk.crown,58.9,17.05,115.06
grahami,jamaica,trunk.crown,58.93,16.8,100.058
grahami,jamaica,trunk.crown,59.41,17.68,205.319
grahami,jamaica,trunk.crown,59.52,17.78,137.035
grahami,jamaica,trunk.crown,59.6,17.13,136.797
grahami,jamaica,trunk.crown,59.8,17,146.751
grahami,jamaica,trunk.crown,60.39,18.38,133.562
grahami,jamaica,trunk.crown,60.42,17.2,127.77
grahami,jamaica,trunk.crown,61.12,17.52,187.444
grahami,jamaica,trunk.crown,61.18,17.17,173.122
grahami,jamaica,trunk.crown,61.27,17.18,144.871
grahami,jamaica,trunk.crown,61.79,18.47,177.981
grahami,jamaica,trunk.crown,62.25,17.81,145.645
grahami,jamaica,trunk.crown,62.4,17.7,187.783
grahami,jamaica,trunk.crown,62.43,17.95,190.947
grahami,jamaica,trunk.crown,62.53,17.76,191.791
grahami,jamaica,trunk.crown,62.72,18.88,161.148
grahami,jamaica,trunk.crown,63.18,18.28,130.282
grahami,jamaica,trunk.crown,63.4,17.84,194.511
grahami,jamaica,trunk.crown,63.45,18.9,203.54
grahami,jamaica,trunk.crown,63.53,17.89,204.91
grahami,jamaica,trunk.crown,63.67,18.71,229.114
grahami,jamaica,trunk.crown,64.14,18.35,171.798
grahami,jamaica,trunk.crown,64.15,19.07,196.896
grahami,jamaica,trunk.crown,64.33,18.54,180.402
grahami,jamaica,trunk.crown,64.38,18.49,162.427
grahami,jamaica,trunk.crown,64.43,18.59,184.953
grahami,jamaica,trunk.crown,64.54,18.43,183.452
grahami,jamaica,trunk.crown,64.58,18.4,191.092
grahami,jamaica,trunk.crown,64.88,18.46,129.832
grahami,jamaica,trunk.crown,65.6,19.07,191.725
grahami,jamaica,trunk.crown,65.69,17.99,202.061
grahami,jamaica,trunk.crown,65.7,19.06,172.838
grahami,jamaica,trunk.crown,65.85,19.02,234.323
grahami,jamaica,trunk.crown,65.9,20.17,236.402
grahami,jamaica,trunk.crown,66.37,18.95,161.421
grahami,jamaica,trunk.crown,66.41,18.92,186.639
grahami,jamaica,trunk.crown,66.54,19.09,256.796
grahami,jamaica,trunk.crown,66.58,19.14,232.934
grahami,jamaica,trunk.crown,66.64,19.17,148.804
grahami,jamaica,trunk.crown,66.81,19.46,230.667
grahami,jamaica,trunk.crown,66.86,19.15,275.767
grahami,jamaica,trunk.crown,66.89,18.99,229.538
grahami,jamaica,trunk.crown,67.06,19.03,185.429
grahami,jamaica,trunk.crown,67.21,19.41,178.266
grahami,jamaica,trunk.crown,67.29,19.44,204.531
grahami,jamaica,trunk.crown,67.32,19.4,165.934
grahami,jamaica,trunk.crown,67.39,19.88,252.922
grahami,jamaica,trunk.crown,67.62,19.47,221.832
grahami,jamaica,trunk.crown,67.79,20.35,262.916
grahami,jamaica,trunk.crown,67.79,20.2,198.273
grahami,jamaica,trunk.crown,67.91,19.13,217.202
grahami,jamaica,trunk.crown,68.09,19.43,242.104
grahami,jamaica,trunk.crown,68.1,20.03,220.55
grahami,jamaica,trunk.crown,68.55,20.22,321.264
grahami,jamaica,trunk.crown,68.57,19.63,164.55
grahami,jamaica,trunk.crown,68.75,19.97,198.478
grahami,jamaica,trunk.crown,68.87,19.74,186.792
grahami,jamaica,trunk.crown,68.88,19.96,241.687
grahami,jamaica,trunk.crown,68.98,19.77,219.192
grahami,jamaica,trunk.crown,69.08,20.02,167.4
grahami,jamaica,trunk.crown,69.1,19.94,180.952
grahami,jamaica,trunk.crown,69.11,19.84,278.836
grahami,jamaica,trunk.crown,69.3,20.35,221.492
grahami,jamaica,trunk.crown,69.43,20.16,212.284
grahami,jamaica,trunk.crown,69.49,20.25,233.633
grahami,jamaica,trunk.crown,69.66,20.22,154.533
grahami,jamaica,trunk.crown,69.87,20.31,292.882
grahami,jamaica,trunk.crown,70.44,20.19,208.133
grahami,jamaica,trunk.crown,70.66,20.23,180.584
grahami,jamaica,trunk.crown,70.85,19.81,248
grahami,jamaica,trunk.crown,71.16,20.05,231.445
grahami,jamaica,trunk.crown,71.31,20.6,228.507
lineatopus,jamaica,trunk.ground,41.89,11.44,44.322
lineatopus,jamaica,trunk.ground,42.77,12.77,51.47
lineatopus,jamaica,trunk.ground,44.93,12.84,70.475
lineatopus,jamaica,trunk.ground,45.28,13.23,61.151
lineatopus,jamaica,trunk.ground,46.15,13.33,90.589
lineatopus,jamaica,trunk.ground,46.4,13.23,94.224
lineatopus,jamaica,trunk.ground,46.52,14.49,51.002
lineatopus,jamaica,trunk.ground,46.58,13.81,65.615
lineatopus,jamaica,trunk.ground,47.16,13.54,76.917
lineatopus,jamaica,trunk.ground,47.35,13.09,122.153
lineatopus,jamaica,trunk.ground,48.24,13.74,66.222
lineatopus,jamaica,trunk.ground,48.29,14.01,51.616
lineatopus,jamaica,trunk.ground,48.53,14.52,77.35
lineatopus,jamaica,trunk.ground,48.66,13.89,102.054
lineatopus,jamaica,trunk.ground,49.07,14.58,55.517
lineatopus,jamaica,trunk.ground,49.32,13.88,162.744
lineatopus,jamaica,trunk.ground,49.4,14.89,84.922
lineatopus,jamaica,trunk.ground,49.62,14.46,101.1
lineatopus,jamaica,trunk.ground,49.92,14.47,84.492
lineatopus,jamaica,trunk.ground,49.95,15.03,76.95
lineatopus,jamaica,trunk.ground,50.67,14.26,114.115
lineatopus,jamaica,trunk.ground,51.12,13.93,122.468
lineatopus,jamaica,trunk.ground,51.25,15.44,145.423
lineatopus,jamaica,trunk.ground,51.27,15.71,109.737
lineatopus,jamaica,trunk.ground,51.37,14.8,106.356
lineatopus,jamaica,trunk.ground,51.76,15.03,70.871
lineatopus,jamaica,trunk.ground,51.92,14.03,98.812
lineatopus,jamaica,trunk.ground,52.16,14.98,209.023
lineatopus,jamaica,trunk.ground,52.27,15.71,70.673
lineatopus,jamaica,trunk.ground,52.28,16.95,169.174
lineatopus,jamaica,trunk.ground,52.41,14.85,134.128
lineatopus,jamaica,trunk.ground,52.91,15.83,198.025
lineatopus,jamaica,trunk.ground,52.97,16.12,150.313
lineatopus,jamaica,trunk.ground,53.01,14.54,167.946
lineatopus,jamaica,trunk.ground,53.47,15.59,91.049
lineatopus,jamaica,trunk.ground,53.5,16.24,133.059
lineatopus,jamaica,trunk.ground,53.7,15.95,134.315
lineatopus,jamaica,trunk.ground,53.78,16.23,116.978
lineatopus,jamaica,trunk.ground,54.13,15.82,188.586
lineatopus,jamaica,trunk.ground,54.15,15.28,252.522
lineatopus,jamaica,trunk.ground,54.75,15.75,141.474
lineatopus,jamaica,trunk.ground,54.87,15.79,132.64
lineatopus,jamaica,trunk.ground,54.9,15.69,138.081
lineatopus,jamaica,trunk.ground,55,16.15,154.662
lineatopus,jamaica,trunk.ground,55,16.24,106.403
lineatopus,jamaica,trunk.ground,55.1,16.84,217.719
lineatopus,jamaica,trunk.ground,55.1,17.08,175.46
lineatopus,jamaica,trunk.ground,55.18,16.35,102.445
lineatopus,jamaica,trunk.ground,55.37,15.93,202.104
lineatopus,jamaica,trunk.ground,55.41,16.84,307.176
lineatopus,jamaica,trunk.ground,55.59,16.34,226.274
lineatopus,jamaica,trunk.ground,55.64,16.2,375.669
lineatopus,jamaica,trunk.ground,55.66,16.61,177.184
lineatopus,jamaica,trunk.ground,55.7,16.05,203.484
lineatopus,jamaica,trunk.ground,55.75,15.83,113.735
lineatopus,jamaica,trunk.ground,55.77,17.21,172.08
lineatopus,jamaica,trunk.ground,55.8,16.64,223.195
lineatopus,jamaica,trunk.ground,55.9,16.69,218.928
lineatopus,jamaica,trunk.ground,55.92,15.51,203.653
lineatopus,jamaica,trunk.ground,55.92,16.04,134.841
lineatopus,jamaica,trunk.ground,55.96,16.85,228.961
lineatopus,jamaica,trunk.ground,55.97,16.48,216.782
lineatopus,jamaica,trunk.ground,56.22,16.66,193.303
lineatopus,jamaica,trunk.ground,56.24,15.85,123.53
lineatopus,jamaica,trunk.ground,56.26,17.09,180.618
lineatopus,jamaica,trunk.ground,56.27,17.13,210.531
lineatopus,jamaica,trunk.ground,56.33,16.9,182.065
lineatopus,jamaica,trunk.ground,56.38,16.99,178.757
lineatopus,jamaica,trunk.ground,56.49,16.28,131.141
lineatopus,jamaica,trunk.ground,56.53,16.43,224.132
lineatopus,jamaica,trunk.ground,56.56,16.87,183.866
lineatopus,jamaica,trunk.ground,56.58,17.38,242.117
lineatopus,jamaica,trunk.ground,56.79,16.33,157.566
lineatopus,jamaica,trunk.ground,56.89,17.65,221.024
lineatopus,jamaica,trunk.ground,56.93,17.04,238.663
lineatopus,jamaica,trunk.ground,57.06,16.73,341.056
lineatopus,jamaica,trunk.ground,57.09,16.53,247.786
lineatopus,jamaica,trunk.ground,57.11,17.12,209.831
lineatopus,jamaica,trunk.ground,57.11,17.15,186.797
lineatopus,jamaica,trunk.ground,57.13,16.56,208.605
lineatopus,jamaica,trunk.ground,57.33,17.41,227.954
lineatopus,jamaica,trunk.ground,57.82,17.25,180.888
lineatopus,jamaica,trunk.ground,57.83,17.42,313.296
lineatopus,jamaica,trunk.ground,57.85,16.63,254.553
lineatopus,jamaica,trunk.ground,57.91,17.41,206.185
lineatopus,jamaica,trunk.ground,58.36,17.08,232.26
lineatopus,jamaica,trunk.ground,58.47,16.79,269.666
lineatopus,jamaica,trunk.ground,58.48,17.4,221.861
lineatopus,jamaica,trunk.ground,58.49,17.06,229.824
lineatopus,jamaica,trunk.ground,58.62,17.53,128.922
lineatopus,jamaica,trunk.ground,58.66,17.74,133.721
lineatopus,jamaica,trunk.ground,58.8,17.37,201.75
lineatopus,jamaica,trunk.ground,59.42,17.34,276.38
lineatopus,jamaica,trunk.ground,59.58,17.93,270.939
lineatopus,jamaica,trunk.ground,59.59,18.02,184.392
lineatopus,jamaica,trunk.ground,59.62,17.81,254.801
lineatopus,jamaica,trunk.ground,59.65,17.97,300.504
lineatopus,jamaica,trunk.ground,59.69,18.42,287.951
lineatopus,jamaica,trunk.ground,60.11,18.2,238.922
lineatopus,jamaica,trunk.ground,60.17,17.6,310.641
lineatopus,jamaica,trunk.ground,60.35,17.84,293.838
lineatopus,jamaica,trunk.ground,60.56,18.04,290.694
lineatopus,jamaica,trunk.ground,60.96,17.82,267.518
lineatopus,jamaica,trunk.ground,61.17,17.47,277.063
lineatopus,jamaica,trunk.ground,61.2,18.06,303.009
lineatopus,jamaica,trunk.ground,61.2,17.51,317.268
lineatopus,jamaica,trunk.ground,61.31,18.68,335.129
lineatopus,jamaica,trunk.ground,61.44,17.83,225.828
lineatopus,jamaica,trunk.ground,61.45,17.78,437.12
lineatopus,jamaica,trunk.ground,61.66,18.23,303.785
lineatopus,jamaica,trunk.ground,61.83,17.97,470.311
lineatopus,jamaica,trunk.ground,61.87,19.02,412.724
lineatopus,jamaica,trunk.ground,61.99,18.2,326.391
lineatopus,jamaica,trunk.ground,62.02,19.08,331.45
lineatopus,jamaica,trunk.ground,62.18,18.43,525.018
lineatopus,jamaica,trunk.ground,62.42,18.2,360.991
lineatopus,jamaica,trunk.ground,62.43,18.75,380.008
lineatopus,jamaica,trunk.ground,62.51,19.02,342.955
lineatopus,jamaica,trunk.ground,62.54,18.8,253.829
lineatopus,jamaica,trunk.ground,62.68,17.85,228.274
lineatopus,jamaica,trunk.ground,62.76,18.67,320.589
lineatopus,jamaica,trunk.ground,62.88,18.36,362.536
lineatopus,jamaica,trunk.ground,63.03,19.35,435.751
lineatopus,jamaica,trunk.ground,63.11,18.43,388.241
lineatopus,jamaica,trunk.ground,63.13,19.53,446.947
lineatopus,jamaica,trunk.ground,63.26,20.84,358.565
lineatopus,jamaica,trunk.ground,63.38,18.25,503.042
lineatopus,jamaica,trunk.ground,63.42,18.66,281.967
lineatopus,jamaica,trunk.ground,63.46,18.31,526.171
lineatopus,jamaica,trunk.ground,63.53,18.45,427.256
lineatopus,jamaica,trunk.ground,63.61,18.85,449.709
lineatopus,jamaica,trunk.ground,63.62,19.19,481.393
lineatopus,jamaica,trunk.ground,63.76,18.68,485.399
lineatopus,jamaica,trunk.ground,63.87,19.02,395.852
lineatopus,jamaica,trunk.ground,64.17,19.03,254.106
lineatopus,jamaica,trunk.ground,64.49,18.46,346.59
lineatopus,jamaica,trunk.ground,64.54,19.84,334.214
lineatopus,jamaica,trunk.ground,64.84,19.09,365.778
lineatopus,jamaica,trunk.ground,64.93,19.25,637.207
lineatopus,jamaica,trunk.ground,65.06,19.08,310.159
lineatopus,jamaica,trunk.ground,65.07,19.74,471.571
lineatopus,jamaica,trunk.ground,65.21,19.7,463.195
lineatopus,jamaica,trunk.ground,65.27,19.17,510.35
lineatopus,jamaica,trunk.ground,65.42,19.45,472.863
lineatopus,jamaica,trunk.ground,65.45,18.64,559.202
lineatopus,jamaica,trunk.ground,65.51,19.26,546.626
lineatopus,jamaica,trunk.ground,65.56,19.27,389.076
lineatopus,jamaica,trunk.ground,65.67,20.11,413.403
lineatopus,jamaica,trunk.ground,65.69,19.55,491.49
lineatopus,jamaica,trunk.ground,65.82,19.58,384.87
lineatopus,jamaica,trunk.ground,65.84,20.04,392.18
lineatopus,jamaica,trunk.ground,65.85,19.72,530.874
lineatopus,jamaica,trunk.ground,65.92,19.39,436.721
lineatopus,jamaica,trunk.ground,66.13,20.04,603.119
lineatopus,jamaica,trunk.ground,66.19,19.61,491.792
lineatopus,jamaica,trunk.ground,66.35,20.51,637.49
lineatopus,jamaica,trunk.ground,66.4,20.12,606.567
lineatopus,jamaica,trunk.ground,66.44,19.92,361.807
lineatopus,jamaica,trunk.ground,66.49,20.41,430.604
lineatopus,jamaica,trunk.ground,66.59,20.08,425.182
lineatopus,jamaica,trunk.ground,66.6,19.83,316.358
lineatopus,jamaica,trunk.ground,66.64,19.78,454.981
lineatopus,jamaica,trunk.ground,66.69,20.15,392.249
lineatopus,jamaica,trunk.ground,66.79,20.71,603.006
lineatopus,jamaica,trunk.ground,66.92,20.2,365.219
lineatopus,jamaica,trunk.ground,66.96,20.02,360.39
lineatopus,jamaica,trunk.ground,67.05,20.18,563.41
lineatopus,jamaica,trunk.ground,67.09,20.52,542.962
lineatopus,jamaica,trunk.ground,67.15,19.81,333.897
lineatopus,jamaica,trunk.ground,67.18,19.26,358.942
lineatopus,jamaica,trunk.ground,67.27,19.57,424.122
lineatopus,jamaica,trunk.ground,67.37,20.83,459.327
lineatopus,jamaica,trunk.ground,67.38,21.04,317.045
lineatopus,jamaica,trunk.ground,67.4,19.87,513.549
lineatopus,jamaica,trunk.ground,67.42,20.36,602.039
lineatopus,jamaica,trunk.ground,67.47,19.31,284.5
lineatopus,jamaica,trunk.ground,67.59,19.55,471.397
lineatopus,jamaica,trunk.ground,67.65,19.67,373.502
lineatopus,jamaica,trunk.ground,67.66,20.43,314.219
lineatopus,jamaica,trunk.ground,67.7,20.4,430.217
lineatopus,jamaica,trunk.ground,67.73,20.17,503.042
lineatopus,jamaica,trunk.ground,67.74,21.02,435.554
lineatopus,jamaica,trunk.ground,67.77,20.14,599.385
lineatopus,jamaica,trunk.ground,67.83,20.92,370.88
lineatopus,jamaica,trunk.ground,67.84,20,406.034
lineatopus,jamaica,trunk.ground,68.04,20.81,426.672
lineatopus,jamaica,trunk.ground,68.07,20.5,667.843
lineatopus,jamaica,trunk.ground,68.08,21.04,670.369
lineatopus,jamaica,trunk.ground,68.09,20.69,616.916
lineatopus,jamaica,trunk.ground,68.09,21.25,476.257
lineatopus,jamaica,trunk.ground,68.11,19.72,606.776
lineatopus,jamaica,trunk.ground,68.11,20.18,577.052
lineatopus,jamaica,trunk.ground,68.23,21.14,347.388
lineatopus,jamaica,trunk.ground,68.26,20.27,484.99
lineatopus,jamaica,trunk.ground,68.27,20.19,563.121
lineatopus,jamaica,trunk.ground,68.3,21.06,545.039
lineatopus,jamaica,trunk.ground,68.31,20.2,357.824
lineatopus,jamaica,trunk.ground,68.33,20.54,546.813
lineatopus,jamaica,trunk.ground,68.38,20.85,444.73
lineatopus,jamaica,trunk.ground,68.44,20.38,534.88
lineatopus,jamaica,trunk.ground,68.49,20.65,425.322
lineatopus,jamaica,trunk.ground,68.64,20.6,363.794
lineatopus,jamaica,trunk.ground,68.64,19.96,426.152
lineatopus,jamaica,trunk.ground,68.69,20.21,740.137
lineatopus,jamaica,trunk.ground,68.7,20.21,532.039
lineatopus,jamaica,trunk.ground,68.8,20.02,576.766
lineatopus,jamaica,trunk.ground,68.83,21.18,411.006
lineatopus,jamaica,trunk.ground,68.83,21.62,548.339
lineatopus,jamaica,trunk.ground,68.83,20.64,417.661
lineatopus,jamaica,trunk.ground,68.93,20.91,357.596
lineatopus,jamaica,trunk.ground,68.95,20.94,701.822
lineatopus,jamaica,trunk.ground,68.95,20.42,542.37
lineatopus,jamaica,trunk.ground,68.96,20.49,355.114
lineatopus,jamaica,trunk.ground,68.97,20.72,448.841
lineatopus,jamaica,trunk.ground,68.98,19.61,449.439
lineatopus,jamaica,trunk.ground,69.01,20.6,490.622
lineatopus,jamaica,trunk.ground,69.03,19.92,493.436
lineatopus,jamaica,trunk.ground,69.08,21.21,546.36
lineatopus,jamaica,trunk.ground,69.12,20.31,329.692
lineatopus,jamaica,trunk.ground,69.23,20.68,624.656
lineatopus,jamaica,trunk.ground,69.32,20.39,530.919
lineatopus,jamaica,trunk.ground,69.42,20.3,444.92
lineatopus,jamaica,trunk.ground,69.44,20.78,440.927
lineatopus,jamaica,trunk.ground,69.49,20.19,744.607
lineatopus,jamaica,trunk.ground,69.52,20.44,487.566
lineatopus,jamaica,trunk.ground,69.53,20.59,615.955
lineatopus,jamaica,trunk.ground,69.7,20.76,537.458
lineatopus,jamaica,trunk.ground,69.7,20.16,325.838
lineatopus,jamaica,trunk.ground,69.71,21.71,656.203
lineatopus,jamaica,trunk.ground,69.79,21.32,480.858
lineatopus,jamaica,trunk.ground,69.85,21.72,323.784
lineatopus,jamaica,trunk.ground,69.87,21.62,386.882
lineatopus,jamaica,trunk.ground,69.9,21.14,497.305
lineatopus,jamaica,trunk.ground,69.98,20.45,606.763
lineatopus,jamaica,trunk.ground,69.98,20.57,488.03
lineatopus,jamaica,trunk.ground,70.01,20.9,642.527
lineatopus,jamaica,trunk.ground,70.03,21.01,607.039
lineatopus,jamaica,trunk.ground,70.08,20.72,618.966
lineatopus,jamaica,trunk.ground,70.1,21.2,572.739
lineatopus,jamaica,trunk.ground,70.35,20.74,625.386
lineatopus,jamaica,trunk.ground,70.39,20.96,638.698
lineatopus,jamaica,trunk.ground,70.4,21.31,436.731
lineatopus,jamaica,trunk.ground,70.42,21.12,444.776
lineatopus,jamaica,trunk.ground,70.44,21.02,655.22
lineatopus,jamaica,trunk.ground,70.54,21.31,638.698
lineatopus,jamaica,trunk.ground,70.6,20.81,531.441
lineatopus,jamaica,trunk.ground,70.63,20.82,462.495
lineatopus,jamaica,trunk.ground,70.65,19.61,335.763
lineatopus,jamaica,trunk.ground,71.06,20.29,771.626
lineatopus,jamaica,trunk.ground,71.14,21.35,561.266
lineatopus,jamaica,trunk.ground,71.15,20.73,373.181
lineatopus,jamaica,trunk.ground,71.18,20.77,571.291
lineatopus,jamaica,trunk.ground,71.28,21.02,528.486
lineatopus,jamaica,trunk.ground,71.4,20.98,668.52
lineatopus,jamaica,trunk.ground,71.42,21,543.41
lineatopus,jamaica,trunk.ground,72.08,21.04,524.616
lineatopus,jamaica,trunk.ground,72.16,21.41,661.624
lineatopus,jamaica,trunk.ground,72.26,21.39,431.543
lineatopus,jamaica,trunk.ground,73.81,21.49,485.184
lineatopus,jamaica,trunk.ground,74.66,21.71,577.901
lineatopus,jamaica,trunk.ground,75.12,22.7,683.089
sagrei,bahamas,trunk.ground,32.33,8.98,15.426
sagrei,bahamas,trunk.ground,32.86,9.36,20.165
sagrei,bahamas,trunk.ground,32.87,9.21,22
sagrei,bahamas,trunk.ground,33.37,9.38,19.688
sagrei,bahamas,trunk.ground,35,9.63,22.396
sagrei,bahamas,trunk.ground,35.05,10.15,15.781
sagrei,bahamas,trunk.ground,35.05,9.98,19.399
sagrei,bahamas,trunk.ground,35.07,9.87,21.139
sagrei,bahamas,trunk.ground,35.59,10.1,17.809
sagrei,bahamas,trunk.ground,35.95,9.65,18.752
sagrei,bahamas,trunk.ground,36.51,10.48,17.804
sagrei,bahamas,trunk.ground,36.52,9.96,17.315
sagrei,bahamas,trunk.ground,36.77,10.41,21.564
sagrei,bahamas,trunk.ground,36.83,10.17,24.569
sagrei,bahamas,trunk.ground,37.95,10.17,20.638
sagrei,bahamas,trunk.ground,39.5,10.91,36.073
sagrei,bahamas,trunk.ground,39.5,11.24,34.326
sagrei,bahamas,trunk.ground,39.82,11.19,29.935
sagrei,bahamas,trunk.ground,40.28,11.12,31.33
sagrei,bahamas,trunk.ground,41.88,11.25,49.528
sagrei,bahamas,trunk.ground,42.43,11.67,35.793
sagrei,bahamas,trunk.ground,43.1,11.39,83.21
sagrei,bahamas,trunk.ground,43.43,11.99,66.312
sagrei,bahamas,trunk.ground,43.61,11.32,55.454
sagrei,bahamas,trunk.ground,43.66,11.91,55.689
sagrei,bahamas,trunk.ground,45.39,12.12,63.981
sagrei,bahamas,trunk.ground,45.48,12.05,89.46
sagrei,bahamas,trunk.ground,45.81,12.22,102.722
sagrei,bahamas,trunk.ground,45.89,12.03,95.442
sagrei,bahamas,trunk.ground,46.01,12.25,77.773
sagrei,bahamas,trunk.ground,46.36,12.38,103.488
sagrei,bahamas,trunk.ground,47.02,12.2,80.808
sagrei,bahamas,trunk.ground,47.04,12.85,52.062
sagrei,bahamas,trunk.ground,47.14,12.49,98.176
sagrei,bahamas,trunk.ground,47.19,12.77,75.935
sagrei,bahamas,trunk.ground,47.75,12.63,115.283
sagrei,bahamas,trunk.ground,47.89,13.07,111.34
sagrei,bahamas,trunk.ground,47.92,12.93,107.103
sagrei,bahamas,trunk.ground,48.21,12.44,118.626
sagrei,bahamas,trunk.ground,48.24,12.93,78.109
sagrei,bahamas,trunk.ground,48.39,12.93,71.962
sagrei,bahamas,trunk.ground,48.46,12.63,90.275
sagrei,bahamas,trunk.ground,48.56,12.91,105.414
sagrei,bahamas,trunk.ground,48.69,13.09,96.552
sagrei,bahamas,trunk.ground,48.78,12.11,62.429
sagrei,bahamas,trunk.ground,48.95,13.1,81.356
sagrei,bahamas,trunk.ground,49.1,13.11,115.385
sagrei,bahamas,trunk.ground,49.24,13.43,100.237
sagrei,bahamas,trunk.ground,49.25,12.85,133.628
sagrei,bahamas,trunk.ground,49.44,12.61,152.94
sagrei,bahamas,trunk.ground,49.54,12.7,127.374
sagrei,bahamas,trunk.ground,49.74,13.13,110.456
sagrei,bahamas,trunk.ground,49.8,13.55,110.753
sagrei,bahamas,trunk.ground,49.86,12.86,85.406
sagrei,bahamas,trunk.ground,49.87,13.2,135.936
sagrei,bahamas,trunk.ground,49.99,13.23,85.88
sagrei,bahamas,trunk.ground,50,12.8,118.125
sagrei,bahamas,trunk.ground,50.08,13.25,116.374
sagrei,bahamas,trunk.ground,50.14,13.11,102.868
sagrei,bahamas,trunk.ground,50.15,13.52,91.101
sagrei,bahamas,trunk.ground,50.31,13.81,142.245
sagrei,bahamas,trunk.ground,50.45,13.4,100.264
sagrei,bahamas,trunk.ground,50.65,13.52,131.649
sagrei,bahamas,trunk.ground,50.68,13.8,119.897
sagrei,bahamas,trunk.ground,50.76,13.26,100.94
sagrei,bahamas,trunk.ground,50.84,13.4,111.837
sagrei,bahamas,trunk.ground,50.86,13.15,106.119
sagrei,bahamas,trunk.ground,50.92,13.97,133.669
sagrei,bahamas,trunk.ground,51,13.79,111.407
sagrei,bahamas,trunk.ground,51.04,13.01,83.254
sagrei,bahamas,trunk.ground,51.04,13.32,110.868
sagrei,bahamas,trunk.ground,51.19,13.51,138.144
sagrei,bahamas,trunk.ground,51.25,13.15,101.961
sagrei,bahamas,trunk.ground,51.41,13.56,109.882
sagrei,bahamas,trunk.ground,51.45,13.52,122.775
sagrei,bahamas,trunk.ground,51.49,13.35,82.287
sagrei,bahamas,trunk.ground,51.54,13.02,114.259
sagrei,bahamas,trunk.ground,51.55,13.67,137.444
sagrei,bahamas,trunk.ground,51.55,13.67,134.659
sagrei,bahamas,trunk.ground,51.84,13.26,149.076
sagrei,bahamas,trunk.ground,51.88,13.6,133.814
sagrei,bahamas,trunk.ground,51.97,13.8,86.828
sagrei,bahamas,trunk.ground,52.26,13.65,109.957
sagrei,bahamas,trunk.ground,52.4,13.62,103.144
sagrei,bahamas,trunk.ground,52.49,14.01,142.072
sagrei,bahamas,trunk.ground,52.57,13.67,153.587
sagrei,bahamas,trunk.ground,52.86,13.3,83.903
sagrei,bahamas,trunk.ground,53.2,13.48,135.301
sagrei,bahamas,trunk.ground,55.67,14.63,130.093
smaragdinus,bahamas,trunk.crown,37.7,10.47,16.407
smaragdinus,bahamas,trunk.crown,41.59,11.47,33.6
smaragdinus,bahamas,trunk.crown,44.12,12.82,34.779
smaragdinus,bahamas,trunk.crown,44.64,12.75,21.405
smaragdinus,bahamas,trunk.crown,50.23,14.6,85.411
smaragdinus,bahamas,trunk.crown,50.73,14.9,73.709
smaragdinus,bahamas,trunk.crown,51.35,15.42,97.13
smaragdinus,bahamas,trunk.crown,51.43,15.67,78.464
smaragdinus,bahamas,trunk.crown,51.78,14.7,67.409
smaragdinus,bahamas,trunk.crown,52.27,15.03,93.979
smaragdinus,bahamas,trunk.crown,52.74,15.39,84.234
smaragdinus,bahamas,trunk.crown,53.53,16.53,123.624
smaragdinus,bahamas,trunk.crown,53.84,15.96,59.8
smaragdinus,bahamas,trunk.crown,53.93,15.55,73.463
smaragdinus,bahamas,trunk.crown,54.06,15.6,95.056
smaragdinus,bahamas,trunk.crown,54.11,16.32,90.748
smaragdinus,bahamas,trunk.crown,54.15,15.93,97.334
smaragdinus,bahamas,trunk.crown,54.34,15.95,79.292
smaragdinus,bahamas,trunk.crown,54.35,16.17,78.718
smaragdinus,bahamas,trunk.crown,54.61,16.25,53.327
smaragdinus,bahamas,trunk.crown,55.35,16.56,95.303
smaragdinus,bahamas,trunk.crown,55.51,15.66,63.05
smaragdinus,bahamas,trunk.crown,55.75,15.97,74.282
smaragdinus,bahamas,trunk.crown,55.79,16.27,86.613
smaragdinus,bahamas,trunk.crown,56.07,16.61,107.737
smaragdinus,bahamas,trunk.crown,56.13,16.87,86.098
smaragdinus,bahamas,trunk.crown,56.16,16.66,102.788
smaragdinus,bahamas,trunk.crown,56.68,17.09,90.68
smaragdinus,bahamas,trunk.crown,57.59,16.99,57.741
smaragdinus,bahamas,trunk.crown,58.26,17.13,89.501
smaragdinus,bahamas,trunk.crown,58.71,17.29,64.922
smaragdinus,bahamas,trunk.crown,59.06,17.81,81.949
valencienni,jamaica,twig,31.32,8.16,58.228
valencienni,jamaica,twig,42.87,11.17,65.217
valencienni,jamaica,twig,48.59,13.58,108.458
valencienni,jamaica,twig,51.32,14.88,153.311
valencienni,jamaica,twig,52.03,13.65,142.352
valencienni,jamaica,twig,52.47,14.88,136.989
valencienni,jamaica,twig,52.84,14.8,189.762
valencienni,jamaica,twig,54.18,14.56,191.288
valencienni,jamaica,twig,55.21,15.64,170.798
valencienni,jamaica,twig,56.63,15.71,255.812
valencienni,jamaica,twig,57.02,15.23,181.597
valencienni,jamaica,twig,57.57,15.53,210.05
valencienni,jamaica,twig,57.67,15.67,185.775
valencienni,jamaica,twig,60.32,15.48,165.279
valencienni,jamaica,twig,61.7,17.09,103.545
valencienni,jamaica,twig,62.59,16.11,276.817
valencienni,jamaica,twig,63.03,17.42,270.985
valencienni,jamaica,twig,65.08,17.59,311.229
valencienni,jamaica,twig,65.92,17.58,191.626
valencienni,jamaica,twig,66.01,17.73,203.208
valencienni,jamaica,twig,66.56,18.31,324.536
valencienni,jamaica,twig,66.69,18.76,300.039
valencienni,jamaica,twig,67.16,18.69,318.221
valencienni,jamaica,twig,67.72,18.68,409.293
valencienni,jamaica,twig,69.89,19,446.685
valencienni,jamaica,twig,70.05,20.18,333.737
valencienni,jamaica,twig,70.16,19.62,314.144
valencienni,jamaica,twig,71.3,19.83,348.265
valencienni,jamaica,twig,71.58,20.06,390.011
valencienni,jamaica,twig,72.47,20.17,373.99
valencienni,jamaica,twig,73.38,21.05,336.059
valencienni,jamaica,twig,73.71,20,466.783
valencienni,jamaica,twig,73.91,20.08,424.598
valencienni,jamaica,twig,73.94,19.98,443.5
valencienni,jamaica,twig,74.07,21.92,383.303
valencienni,jamaica,twig,74.42,20.44,417.171
valencienni,jamaica,twig,74.45,20.76,440.996
valencienni,jamaica,twig,74.6,20.23,394.302
valencienni,jamaica,twig,74.71,21.61,387.255
valencienni,jamaica,twig,74.93,20.72,391.078
valencienni,jamaica,twig,76.22,21.34,504.213
valencienni,jamaica,twig,76.75,21.28,436.301
valencienni,jamaica,twig,76.98,21.65,429.843
valencienni,jamaica,twig,77.28,21.79,416.239
valencienni,jamaica,twig,77.49,21.63,429.459
valencienni,jamaica,twig,77.78,23.09,528.694
valencienni,jamaica,twig,78.5,23.4,456.334
valencienni,jamaica,twig,78.87,22.92,503.858
valencienni,jamaica,twig,79.4,23.57,614.138
valencienni,jamaica,twig,80.23,23.34,555.098
valencienni,jamaica,twig,81.47,23.66,523.251
valencienni,jamaica,twig,81.52,23.51,331.219
valencienni,jamaica,twig,82.03,24.26,439.833
